Feature,RegCanary,CUBE,Regology,Ascent RegTech,Archer Compliance AI,RegASK,Corlytics,Thomson Reuters Regulatory Intelligence,Wolters Kluwer OneSumX Reg Manager,LexisNexis Regulatory Compliance
Global regulatory coverage,Yes,Yes,Yes,Yes,Yes,Yes,Yes,Yes,Yes,Partial
UK regulator coverage,Yes,Yes,Partial,Partial,Partial,Partial,Partial,Partial,Partial,Yes
Horizon scanning / change monitoring,Yes,Yes,Yes,Yes,Yes,Yes,Yes,Yes,Yes,Partial
Alerts and notifications,Yes,Yes,Yes,Partial,Yes,Yes,Partial,Partial,Partial,Partial
AI summaries / impact analysis,Yes,Partial,Yes,Yes,Yes,Yes,Partial,Not stated,Partial,Not stated
Regulatory mapping / obligations,Partial,Partial,Yes,Yes,Yes,Partial,Partial,Not stated,Yes,Not stated
Workflow / task management,Yes,Partial,Yes,Yes,Yes,Yes,Partial,Not stated,Yes,Not stated
Policy or control mapping,Partial,Not stated,Partial,Yes,Partial,Partial,Yes,Not stated,Partial,Not stated
Analytics dashboards / trends,Yes,Not stated,Yes,Partial,Yes,Yes,Yes,Partial,Partial,Partial
Export / reporting,Yes,Not stated,Yes,Partial,Yes,Yes,Partial,Partial,Yes,Partial
Law library / repository,Partial,Not stated,Yes,Partial,Partial,Partial,Yes,Yes,Yes,Yes
Integrations / APIs,Partial,Not stated,Partial,Partial,Partial,Partial,Partial,Not stated,Partial,Not stated
Audit trail / evidence,Partial,Not stated,Partial,Partial,Yes,Partial,Partial,Not stated,Partial,Not stated
